student_ID,total_score
0088dc183f73c83f763e,125.40809193265405
00cbf05221bb479e66c3,119.30028922935021
00df647ee4bf7173642f,110.60981663310895
0107f72b66cbd1a0926d,131.8316462497931
011d454f199c123d44ad,127.68408334576814
01558eef77a8d39b7103,127.9671583191685
016226278e6a69e10aa4,123.3087185519918
01a691413dc5897db83f,110.19602435593826
01d8aa21ef476b66c573,127.91169157244563
01qkq6w2v62cimidb3b7,75.78720871370936
02068067a434adb6556a,0.0
0258f681a9e1756dfc76,111.16731219601071
03754dce5ec7731fb3e2,133.6348487569621
037a76bc8e6bf5fe1fc0,133.05598937650234
03aa0b20dd4af1888eef,125.17496893749723
03b463f52c0fff35433b,131.57327351665762
03e0c9bff3a9557480d9,110.92638243459263
04f2689b4ea16d8d7d9a,91.2325321619958
0557b1363a5092b5811f,113.74985192466076
0559e9cf806dab4cc20d,124.45173321008495
056ab41140f68c15db14,121.36828637568817
058c03d945c4ae0978a0,131.07922900192105
05e1c3ce1728da7e37e0,71.43610171003232
05e6d9723ab3cde0841d,111.63389152809481
061db2c91f94c612f2d4,133.57871861068108
06309f4c8785254f4c13,129.822731612486
06aff3e28c5db152f506,132.98262840257493
071685b292483b04e836,130.37306245822725
074d7f43de7264306775,113.68607664608297
077d5c82c9ee5019220f,129.97979792286657
07e3362d20ff4337671b,131.4751687055431
091554ffa26fc9b17c36,130.42634997337535
09400a9b50b6c96c5510,127.23278598007319
098b2c66cbc1ed736e14,131.0164649184508
0999173c045ee29a0b44,129.42092664217503
09dfa3f18e48917f0242,112.53376939124404
09e4bfadd7e012c37c7c,129.94884409265876
0a7f1a73361654329281,129.10018656997613
0a8736f6520cea837d94,122.29518508895232
0b02f701b1179f9f74f9,125.57301827377532
0b16d35f1f39a063708a,115.44924618306888
0b28c0a454678b75eefb,131.08275172937215
0b307ee95b41e222f204,128.90014547689995
0b828e1ae026c57b34dd,129.7648126860167
0b8bea274b24847526b7,123.37403237987941
0bb8692f43a372e8d967,129.8346278775743
0c57caf5358d30408034,131.24307817570866
0c670262b3941d307600,129.31619536456296
0c81ca27b7d931b6ff6e,123.91001490257803
0d260d8fac2289c8ed9e,125.78278014037505
0d4a3518a188f6888380,132.88100873830922
0dapvs3h4h3h1ahmt2o8,99.41837408208755
0df40593e76a840fd64b,111.38287449055211
0e062d9fa22dc8e3bca2,132.33139297101556
0e804947f4cdc2721046,129.14262194828115
0eb6eec8b4bee8ab6a44,123.6940794666345
0ef8b2c9e039eaace596,125.5373121669831
0f160cd19890b97092b9,131.11951303726713
0f8bd9e33125347965a1,124.13714249428175
0fc996fff93c00ca5ced,105.34501981552765
0gfiioqi5g8djhh1wzol,90.63171322076944
0i1e50rz4mkhee97xvpo,78.69491049642905
0lgtv09uoh3ova8sjbze,75.78483425311657
0m2kzubx9r60wyrsjj7j,84.78352677145106
0m8o7nuv982vnv3328qw,95.51934054132312
0maggb1hf886m5u6p2vr,96.1744276225516
0qamadarf6xhm9pm2jta,85.94920530835968
0sgnvj4zfg3xjjb9fl6h,84.67917131738614
0txd5enpfmbrth46w74b,70.11740401038395
0z4mockl76xn8mhdaehw,75.29221512929612
1096bd470d3ddff1ec1c,124.00273900815786
10de703c06bf9d873d68,127.75783457525692
10qi28ikwz4c4v22b06i,85.65014137237044
10xnkvdetxarrkdhx4i9,92.6927808693565
117ee98c7f916c88ddbb,123.17853274470515
119b36a5797d5ce69625,127.39235841237226
11dae4659d30031a10dd,127.14555665968874
1202c731c612353ceef0,122.16940866315043
1224ceafb61456a033d0,126.51699077172523
12s3yomv0kltozc1qxc4,96.45553885560227
1329b6cf41debecda787,134.81679857133017
132c90d4a027a4477ad0,126.52463531722931
1367d35cf39783effa7a,42.07308261722933
139429592a9c23c08b71,129.76654536764374
1397545fbe9882e5cd42,127.14898360230407
13de1d3a55477a0c0329,131.8067519823504
13f8b8305f6c25c21921,107.73856629569366
13nq2h723zixyhir01lf,95.20641899256331
148o63s7q5aitfxmmtrg,107.59285257692885
151cd83784ab9007e8d8,121.17244238416285
152a0c17daaaa4e65e14,128.21804487886132
1552f58e2818ce7fa863,122.34443793107762
15ab118362ecbbd03b52,129.34165659303818
1629f353a742f6a73251,130.88368403622442
166cb02ac436c9d3662f,105.56100145839798
16c505069c1e5c2bece5,127.57159348733724
16d68f70cf5e52d0b34a,122.5255758898023
170a695a2717bcd9b74b,121.65643097895823
17656005bd4086137ab7,125.61504168445646
17dda5f588bed077c742,127.04105803859316
17e429460d5fda251953,120.62195745789019
17f2d0e73044110cdea5,126.92996559515532
18654732ca312afc173f,126.56256057047605
1883af270e36a7580332,128.8349326437114
18cdd44af62c6935e7a0,122.836971877436
1974349ec27d7d67bf08,122.48123346723817
19793e7e55b68c8dd776,123.81434813493736
19buea1jycypffshcw38,83.97928981947845
19fb3075dd2798538c9d,133.5609522248684
19rc4zj7sw4ms0996992,96.99488860230234
1afepx549ssnar1m9acp,85.69827032821169
1b0baf552d2cd47ee10b,135.4222584737973
1b25734414fcc7466153,125.62856645923114
1b36a3223f9dd94a211f,125.78571166371785
1bd9bb053a3ac1bba507,130.7114389103693
1c2aef3af32f6323a31d,129.79776191923466
1ca19e51244cdd3f09ff,129.8633095104965
1cfe33c5b178a0c2367f,128.52895102450594
1d50eac067378042684b,122.87181344582339
1d7229e0f5f825007870,128.93729320037139
1e25b47eaef62694a236,129.72378328269187
1eekhswi2ckx4uw0j1c9,97.5346502834547
1f4oscu6io8xlog2157e,91.01785748941346
1f56b6bda24efafcf3a4,125.42596608360195
1f67cb2e7affbb00b6c8,119.69640228961315
1fa4f2361b8a03040292,130.51651079659433
1fc5b87acdfc2a8b580c,127.96023210353826
1feef8b4129f5bf21e67,130.0861080319393
1hrtipd0awjpggdje5e2,80.22291358056601
1hues7esy9erdsses6m0,80.99308375523492
1kvfwfp2hr5hjxjxzjqd,100.16756973110091
1mp9yiw6rkrr3846047g,81.97055098020452
1n42senfkcjopw1zh39l,65.79663090810938
1nebcwra7a0fduy8c1fa,78.39635726844321
1nyzl7s790ta4c8r1l9g,81.93595003851203
1otvyki9oso9bg6ob16u,85.40685431752189
1t6e0wa99fijxi3ssnzk,93.60847920203742
1vb2vsoy23nr0monflhx,90.58435996535219
2007f4965d2aa6064a25,130.51888848255658
204a7d6db340a3c18ca7,132.96867302488172
204fdbe885269686a392,124.82000077921906
20f97b68982d1b2f5c73,119.29308691181673
211ed39c57c6e6cdefbf,127.74540894545218
2150588a5903d9a77b79,124.15188175775414
217c87d59a4372c4f3fc,119.0171381025673
219jkfkejubvu4dvuv13,82.75182034115674
21e23771e52cb5291b19,111.31990402825593
21fc5674d24be8e9da89,132.80967833005099
222d5ee50487a2b8601b,129.6885747865973
22ae866c664a147f9971,133.7990283581445
22fey6dqzcrm0jbtfnmm,101.99404005356165
22wb5ostye8edvfar59p,73.97238245005914
23dd64a1d2e4965198bf,127.42738546232462
23f1f5d3d90e2890a423,123.92411523951458
24524df0ca55659c384e,125.17516787432106
24ca7714d40e2fe53821,121.96677992673943
25019b8f1c3ac537894b,128.8249487463013
25c8e1ae2335e8c3e5b3,119.17275419809201
264320c6b92b92795ba0,120.54174067902763
27cc9165eef05eb1733f,130.74832730064807
2826ec26211d83efd2c6,127.13576776160332
2842c82981077b78b3cd,112.56240437390507
28719a42e0cbf4991b7f,129.89388428007186
28bc8af257c48eac3bf1,129.18544250827438
28d90a892cc66338f962,123.76232367213338
28tmrs0kyrrh1odyvf21,86.21086056529319
29172d2e39ca0d890848,128.91818185263892
2933a3227c7ce7fe21eb,111.02442287113604
2959d8017312337a2ba6,115.49387035111853
29acddb87cfe062d73f5,125.556797440147
2a003b122e9500e465c4,125.49437625931326
2a515047aa9d085849a2,121.23495976988491
2a6394114c31a10dc92b,124.35373642771994
2a6ap0t2rsvoogmydj3a,70.14008627040187
2af634997fba501740c2,128.77885678381534
2b3492096a4d12bb86cd,61.743976217950184
2b54ed4af8281eb82f58,123.81864992940109
2b935bfe06ef02369807,129.30052693430483
2b9ef4e3749f713870b0,125.61644841665274
2c27d4de6ae130e7e242,115.17543640008398
2c3b89432513b2035664,131.9952677211259
2c6339f7c23a64d02081,129.30082604211734
2c7d02c44b47e3d24d52,129.26635297016549
2ccfa5f79c8b61e465d4,125.23380376556378
2d526c27123e59103e29,115.4067444171248
2d9a38c93e37bc475cb6,128.36788754018087
2db6dd71f1d07300382c,132.92158213374574
2ddkknvpbz2j9wlvybtj,102.54842691247696
2e2c00240c341a4265e3,131.08496525648346
2e3e7cbe0e69add8d31a,117.54592752365782
2e40c1b07d32d3b80862,120.33268292048587
2e54b1c7bff5847c82a8,119.23212708051014
2ea821273e01ec758583,126.64626157495138
2ecb7fb5ff8899614c12,127.4425790418889
2egpenarap9h0a2k0bc5,92.17044412743464
2f3c37735e817244e646,131.5703764882368
2f3ef424b925a9881b81,126.49184091347526
2fe9648ea28753c73c2c,122.89265972230653
2h9c9tdsnoz1hyzo5frt,96.46388409843041
2jvnsh0veb6qnn3uv6i8,103.25020741645518
2krjeqjgjqfuumdo3ibt,82.07096654759597
2svwdpmdpjsdzafekntw,79.14849408948355
2ui63dibc4r8oo0p9agh,83.51127505391447
2uxkhe454qk8jvk0ufvp,106.28298732008217
2xk6toebmkxdw8f2bypd,131.97477149078446
2xsbkm76x36qvddrl2yo,94.46217731094968
2zfdinkl7qrn0o62tlp4,93.23947703783458
301f57984e5d2969c938,128.10616830407517
306627b1ecbdf4e3aa34,123.42127773292457
3094825929f936abb792,124.52744292599905
311abc37a94ae8afe41a,128.49756595814785
31741464205aa8cdb4f5,127.67987078218187
3267b84814316e2fa25e,128.6350740457473
329622100fe091a4c48c,115.8405153863692
32n93dfesjggabieb85t,99.62556317183575
3313c40ea45a87f9d2e7,131.60651549980864
33184c1cba6a37cdbda2,111.612258360212
33b73273ab8e1a11fcda,127.1170381284314
33c123d08dc07edb50f9,131.45994532068653
33ddb1517601db520cd6,129.0067092011917
34aaaa47df8c4aa4d926,117.3641876354119
34qcy2qj5lij7g82hpvw,80.57117793536857
3531c5f9d520759ba697,128.3822901242149
3555053023c67d592439,132.22745736862458
3565d61f3efec69e611c,131.20322019605493
359f25d9131a0699405b,126.3859815607527
35e028ec34bfdb7a6d26,124.87136002006912
35wcdp4s13xmtyq5f7os,95.49836152073269
360820d6620d17d1b48b,127.15634419191586
3672e2896ad7d8f2404e,131.04550938445595
367c27a001837dabb2e9,123.36316619024365
36ebf305b7206112f676,130.32927324967517
374ff25490a1f0aba47f,125.25441505973598
37905cfdcd105683aaf4,129.4893319498208
37ae91c472189108a737,131.4792795681734
37f3b3d773c5c073bc9a,130.10034845412596
38357be0ab369a9ae942,131.43090852414932
388090578f22a3c33738,130.91980796592776
390d1fc3b78420815190,125.80485860799772
3919286d3d8c4f4d339c,123.99554948185931
3a9d955e2ef47191a742,125.51394378227909
3ab864e1e692786fefd2,126.05296593914495
3ac65fbc295f5fbd2ff7,127.40465286329079
3b3b2319b0995f149ecc,124.80852466376773
3b6f3bb370f3107e257d,128.83589186346646
3ba42ec5350aacb0750a,121.80481199640016
3bf7b3c9aa7d93ecb603,119.36392694719959
3c1b9222136b752563f6,128.6003577010324
3c37e3ad275dcdd39e2c,127.43287700979755
3c71b62d597098c4cd18,130.499136183065
3c89c7f1db26ae691db8,114.28780859044015
3cic5ziycjx4ik4ll0v1,96.96901150708896
3d63ba961a5f3a60616a,130.64267665696696
3dba043eb6065ad3a343,25.011297324590156
3dglsy7ee3ytfq1lpwlv,97.47960280541774
3e4e608ace87fe97bdb5,130.2252977558477
3f34e3108d1108dab0fd,128.20152118046752
3f55d44d7572d52b2987,132.0466046057746
3f81bf9625e47ca1963f,130.4197769036674
3fee5c27236cbb682727,130.10741677679476
3ff069e95a9047dbfa8b,127.36044767686789
3iz4t53ooerb6sruxf3n,94.8423376506115
3lbe8ny12qw7qwcyihpn,93.9162338584875
3m4gx52iq3mwqdycm8mm,111.85576001332475
3p34idi1traz2k8j0ulk,101.43463332717397
3qvqfnzdg358mord1cku,99.49254453227427
3w0b2b1gz9i1nhmtab7s,95.51971925476168
3ywgcurp27qp1fydp27z,92.85010834836483
40eb36011ced9a882ea9,127.69580475577231
40rkj6cwy12hdupgq4w2,105.66043589368394
41126caf1874c098d357,127.88399352047824
4130weedl0x9hc7qe5a4,79.24410082610163
413cbf664ac3ba8307ea,128.8582529204715
4156dc6090d72c95c23b,130.7673307470075
418f4730434eaced55a2,130.58823314494015
41abb1b9df74d29b7732,130.32357039682026
41e9ff991a4a21f423a8,130.0985596822553
41f718ae2aed1d6c2573,124.87395265639371
424de2c5e2c1f5652cdc,123.32831414926501
42dd5f9cd9e2c3ac9ed7,125.8972806679591
42e83553ca9d77ab4aee,130.85565932797098
430420fb41fe0a889868,126.94950405585968
432fd26823e230070734,124.55623300576447
4388d48ebff4cf866ecd,94.8084349869408
43d34a076620e32fedfa,125.0158888034448
43d98a750c726bb39d11,128.6401908233639
43vri1lqbgiiwbkaskqd,103.95267193414632
446d2ad0ca2908ffa4f9,133.57268156096296
4474f24ef69e01e2c001,41.96123598915619
4478eae73fb84cedb102,122.45090223304055
44c7cf3881ae07f7fb3e,124.4320791740483
44c7cf3881ae07f7fb3eD,1.6409979656419529
44x159fl0pw2uucriuga,104.80370399468303
451b0095938a3c54efc4,123.12003840602874
453d43b3f6bdf467e672,129.80553561186758
454c91e8f96c1dc4e994,120.41587969464346
45b6cc87a7e957f83027,131.4493682656442
460fa4961434cf281423,128.62627659218103
46a60ed041c8ebf98061,130.92985621366486
46a7a18ca160c829a15f,124.1106860031057
46e2d5243b6eef040f97,131.7682995555455
4738a118c8b8fa271fd6,129.5020723662961
47b08a7751ab609be9e5,128.32988043574375
47eeab842793b09300c3,123.57454122108783
47vclaej1xmb0rc8kgka,93.84274932809042
4884f3bdc068ef01e042,114.64862501915198
488934d01a504bc212b4,130.87037525853754
488fc49e8fccd665c3e2,115.86551444538135
48a71a6a5a15e31084e3,129.47489266155742
48a96425072cefa0dc69,125.91324462088237
48ad93c227abfa9542aa,122.93083980221165
498121d2486259ef1b3a,123.65317780544203
49a91a4dce6838ffcbcd,123.76563731867596
49b95110a8c59f6b6c58,120.82223589776797
49ef48443e09f8be12f6,128.86175348560658
4a0890c15c26984c191f,122.27238016718061
4a6e1cf1e4e9d8f54717,129.782768464211
4a7f53c0a376edadf38a,121.07862834270996
4aa8ff74dc576b7adbcd,124.16929825297399
4acutl013itvh9va99p7,92.69708072385761
4atjmlccken75lck9ffp,84.54939355153599
4bceaffe5e429ed3333b,132.9425035538386
4bq1kdgygbtif8w80s5y,73.86652520012967
4c26df96293b4a52bc03,128.91518829716364
4c79be630ae9d3db6aaf,120.7611965033016
4c90f16c0fcd85d3de25,113.72948762494823
4ca5c8ea55be09213d14,126.82922791560064
4cb96f0d9108066442a8,129.8760884996212
4cc0dc56eecea1d928d1,126.11097873993954
4dfdfa5e1a04c832b9b4,123.6675371294003
4e4bb1f26e34ca0a13dc,127.89233647291928
4e508744a9816cc4586a,131.50752702173878
4e693829528e3e7de62a,119.28144412434247
4e768251c78b687fa993,124.69464802945214
4edfd2e1b7c5c5d1d384,110.43623340230293
4erna0vkk9gu5umle1se,88.53011650535862
4ewf46mylf75olvvihqj,85.64332709785074
4fl8e5s0nf65bm2m34f0,86.98240577662595
4glo109mkgy7azntyttp,100.95262483467391
4i0t5tq7o78lvc1zglgr,81.11668587925665
4nun1ah7qw10q705a2aq,90.78777705404806
4oqxw56hzk4fk8aqh3e0,93.15691858314672
4v5xbvn3yhmvs97477pc,81.76814003900404
4vnvytgnlmv4jbfw9h3t,96.13913693011256
4x441h9y6wzknmtdw7q4,84.50470691380903
4xh67ezjc331pg9q3kfv,78.53762551599421
4y1vvkscejq34042oag4,78.42162867101584
4ycyhj8tyx2b17fcx29j,88.61788485082953
504278569f7c6dff25e3,128.25736746371615
50673b01fd2b0c765572,123.82094754065565
50fec4ca4283ad18c000,129.018838650212
510a90cd169e2eb042ab,113.43066707784975
522837ace4fd8dd743f2,109.67946190181445
52a24e35d5356ab34a2e,126.25974888420333
52d965ebf3ec0518bc0f,130.965655768234
52f1bca9ac9c792e4457,127.91291356356994
52f4899e918b57df28da,134.95453347842488
533bc4c6716035e694ac,124.84065593936856
539911ee11c1b2aaeb88,128.14049301862448
53d51965c40a54cff1a0,129.93206139865342
54342435561e775ce97f,127.27192147104286
545eb6c8154273344669,126.932451079507
5479f88afb95288d6392,129.38724867204868
54826f4abf592713d585,132.28126060397716
54f91ccb08cbece520da,128.35021971676557
552365f82674884bcaaa,129.85459313876825
553l2g7kpifbvn82knxk,110.46638276425233
55a47a152d359522e38d,126.10448061020924
57709f904b1cc9ec60b1,126.55050313624858
57c33a6126c456c5ada8,107.8234682787379
57f84519c468df122d69,127.28163500190355
580e98185da72b5f34cd,123.4036721648583
58n0dsxyyqnriomw67id,99.55771356144173
58widcj6smafuwyqxw2m,98.51881467953358
5914db0d4427b322e8af,59.82939903829069
5963ba5cd9d242a00e22,126.21893300481824
59bybxqvhton27u0jtfm,76.64271139673944
5a44a7c59729d41d596a,33.202960747301816
5a8cce5abee961fc77f3,129.7314073065949
5abcc9d4fb5e764b2f6f,111.1320930208875
5ada57d72f07c3803d33,128.82393797062994
5b5ef66e547d63806a56,119.96281742529595
5bdad002590327215ae0,132.06173898315558
5be7405ad4ae9d9a2853,116.86244422933827
5c33bb784bb99763ed74,130.53565427716643
5c83f4ed6601ddf1a6fa,130.49209619925253
5cda8273b348fbda9f29,125.34502779507218
5d16326e4577a67d94c6,124.5331074176516
5d2379fb72082166dee3,126.62649558748294
5d580a610c7f8114eb5c,132.41061136296025
5d89810b20079366fcc2,125.73098332079103
5dmn9cwdf4l1snqfjw1p,82.17133970096125
5e12a0421c20717035cb,110.49272906283417
5e29473eb1e80fde79a0,120.38340376535263
5e89fad73b2ada2a30bf,124.00302348794874
5ez4c53h3kdamnlvkpna,86.29554070563826
5f55600069b483f999f5,119.0601091650623
5f7b406b2bbf9789735f,129.8901468372034
5f8d87412f69e3d9fb13,132.23165160493662
5faa3d19e595ab735fda,124.03907060581223
5fbaf8a0f524358778bb,130.27118712807956
5gs9643ghg39gpkgi3e5,72.8232279929541
5jxldd3plo4x6oq140l5,97.25647425451733
5kqtdcvyt7rgqdoextw8,101.92014744981122
5l1b1ma70rilf7mojch5,95.93849027774178
5m6lgwi0mkqs8ilg3qqs,133.39323949942582
5mrih4nj5agvu67vao4m,104.55407050718658
5qfsd40k8fv54hc102p2,98.85557184312214
5rxl72n8rmnxwrxcss0q,106.10128304821704
5slhcx7pnjhcmlbfffu6,83.13273616118563
5zczdtyecu2w495j80xv,103.14530070457498
6002b9ec0f4ad0b281cf,128.5845543217338
60c3549c706fe13322ce,130.8816047093908
6106e5232ac32bc22d1d,122.83906672402509
61de1e21015e07aacbe8,122.44842379616117
62156eada978f707f5d2,131.95191014388163
6273f50d9a0b4e6d971c,131.0048004363413
628bztd9ybuth5efk7nw,105.44498802236744
62a877b83219f7974fd0,135.00074456631438
62olkigg7ntlaf6fzytl,111.89998203970022
6314d7cbc465e29f357c,123.99268777854647
63aded37545ab92d41d4,123.745288738665
63c38a00d97e62c31e08,126.77714966055264
63eef37311aaac915a45,121.49082157039497
63ff3dff3eb31d62ab3e,120.83657052684664
6486c0664d217470d126,133.47478023151518
6496d6268092ef8e7e9d,122.50258475127151
64d1d58d40bca568347c,130.40392505691975
64d65eddd629b80922f1,119.55251655284609
6569uz69or21mbcejw25,71.95897271790265
6604efc6fd93e070f40a,130.74903370802352
663aff87732c52f0e342,107.5176187684312
66d7c0bdb21b7d5bd83d,115.44168523901969
66f99grd556eyxjqk7pz,88.68360606491859
67456512891f96cc0fc3,130.26119238451912
67f8d47cfb7b7b3d2095,120.48976845693323
6837091518a3524730fb,119.72197344016467
687ndz7mxhpv3gg91ie2,97.41518395890958
68c45e933c2dc939e7c9,126.87475311863062
6923e581d76689cb57a1,124.08191631062695
6964a3d507ac1ecf9e52,118.19869929807867
69a4b3d15a5bf0d0e43e,106.10922623882391
69ae85efb03510241445,127.696811148001
6a62f52203bda35656be,114.3808496062689
6ab4994b59925a6d1bba,114.0945089412475
6abeead45fd57abadaff,124.03048839089585
6ae7d356ba998218af82,131.66030168636036
6b0cc09c9daf2966d1a7,122.30152608180005
6b22922bfe081d68c7a6,122.04486963099359
6b9ee688551136da2eb9,131.1658733172987
6c14ce386a9cda72549c,129.2291819843092
6cbcdec2dffbcf09a91a,133.2589441115957
6cxj0lsinp9d7215gtpe,97.75712930415771
6d22912e7e93a96a8690,132.52670906141648
6d35a9a33338a84dd077,125.14273274994454
6d90c2fd38f2ea52ffd8,130.71042214483302
6dx4zt62b8m37krb5l3n,107.59112990400291
6e7d56f652020f046204,130.35054166725723
6e8118d5ad3c7093b869,129.232356801396
6efd2d79656d1b056f72,121.80959212236772
6efd353d32bd3d908b23,127.91320365484565
6fa0b38bfd05105503a1,120.56507304111136
6fc66606e74242398444,117.43482743033117
6fe309a58b787e7010eb,116.87848223968945
6fefd33cf297f69bcae3,114.8399463995948
6g7c63m95z8acd3vx5ct,79.74475298064368
6iag08nt7se7f2hkgzx4,90.51554398489336
6ixkthdoadcwip3r1sy2,96.14603720108909
6o68qswzkvrrtbiz6bzr,104.46586018791842
6qp85ufr2o1zg8k0cvtb,91.95904104414984
6tq9irjllweqmqe4u7sf,83.24727107520575
700915d303cc358e662a,129.20523007777908
701a989d65a59c18845b,125.03324316931574
7086b49d3d6c2cf79c1a,130.89993572748818
70exfe4k4e5vvm5sqspq,103.7477603220501
70ym0xeqaqmx14dv6myx,82.50241894328983
71ca74e191e71b0219b5,115.01903234167447
71d0a8156e59c4dcedfd,118.21459813143065
71f6622e7caa6ed92506,126.5424138793262
7207088b2ef28ff6b669,119.08076916196036
728a4a393899c37a5429,133.63556534132525
72b4334deffff31dea8b,127.21644815302004
72d383f55803c5a81bd6,127.57780657608858
72fbfd24cdff0454a0e2,125.67518335358277
7380885aaba482170588,131.38509169667088
73ae359d8e93d41ae4ff,129.40167513829093
74137c4db75be61c10fa,117.21861714524714
744e7141564ed216b812,129.9735736153062
749fec50db4020e9bfcc,120.30401003828179
74e22a3421e605061ef1,121.77249156228173
74g1r714u01v7nb4vn8w,85.89125448062414
75097aa30e9373a612c7,127.98920757981413
7509bbe0d23fe15928ba,117.51696748530762
7535fe5ae754da62a534,129.61052312428973
758a52e21fd5c23cd7ed,124.70226784050215
75a72c46b8271a57fba6,129.7615575197345
75c2677c8d156032e303,110.61773928873663
75dcc10ba89fd0c25d50,127.157906445247
75e30b71e38030454877,128.75385719441974
76366e9c264169b2bae1,125.58909282939304
766836b5f30556e81da4,128.68969582807748
767e222eeb367b2b010f,118.58413364795673
768c216e172762b85899,107.12681194529415
7694d71417c2f5202940,121.22189828910157
76a2f2705490042bb8cb,130.53511621790497
76fe2c19fa84d58b584b,123.19216209553629
7742559d8e833fbcd326,126.85265571054698
781f69b185122bfaddca,115.55863067805714
78e6c80ea8dc73ec747d,128.38119961830216
78uyv6k6u49krocgtkzu,84.63231072120222
792e3326f0d9f68389d9,120.66400802954864
798ff22d126a0f8034ff,130.64210183908992
79cvflltnemb9zpg6pgl,82.5146053073457
79ea7a2f63285f2fe26b,132.6901801011151
79fdbcf16db75f75383a,131.13530929274765
7a600fb7e3750998e7ae,133.0176368147585
7ab9a2516b2dba99c36c,113.12030642967892
7ae6jy1vw15ppmnq6sba,71.47753757720191
7b1d65c8c7637c14d9f2,124.33839694681737
7bb37669654dedc7e397,128.31093676148848
7bfbef4127aeec4b344e,121.49757828833188
7c039dde693a18f3a834,128.6274240885708
7c1d8516e6c2ab2d3030,132.84894163641516
7c27b1482db039a6eee9,130.60209763124212
7c2qxvccum7f93e8ohgt,103.44805890121111
7c30aec52f13bebe07a6,129.71053785649772
7c3fa9ed66d940d49692,123.23959790615952
7d882daa0b4d418d1d0c,132.99228196288615
7ddzwidmh4uwbopvlast,88.61887688845447
7ec5fc60b1ce755e0e17,125.0841194595001
7eeq2weegodhsqj7bxc2,109.06429850128403
7f1c076b22be73eef99b,122.84018355534651
7f58862bfed16feedfd6,131.20038205181135
7f91b4ad141d21887b79,125.6490649634798
7ffc1d4e5026fc5195ea,129.11166993060428
7iulsxm22wz4v82hgb2g,89.94357986347674
7kqvekz6iho08947fhk9,93.90856358706644
7n0vh1m7hm3g0v8ggv7v,74.87012744603904
7r0ywonplo8up7m35eav,80.1156525237449
7rzwry01x1n79a7rw5va,80.9054198677357
7ssihtyt72rzukfci0o1,98.10218370848844
800d0095388d11344b78,111.60399925673033
80423084979315c20dbf,122.34813659617231
8068144149e4ba65ef38,120.69419710758069
80xvovy2zizaj5kr0va5,79.24204861241519
81931021ce711e124d0b,118.30901374380788
81c441973fd4e024d60a,119.99534569213615
81c4c46f19cb21d54bbb,132.71775185276286
81e59e96ce9bd6a76bdb,131.91957039820846
81kmylu471y1njt1pin3,95.20475624239775
8242b99ad9d6609fd19c,130.57905914950817
82da6d26645f8f71bd61,128.8881595926863
83b54209fa2b1055369b,125.55316013624511
83bf9b0424c17c9e13e7,130.7634870132484
84146496b8d6256d6982,131.21813319667314
84e8300978b600b5f0ba,129.9916311462054
84f116e542feb4ff69c0,112.81912368980468
852687af72e9ee38fb42,133.79333208447892
854ce9f7f4d7b6115854,120.7744721600549
855b21869c4fdbed8047,131.85939787451747
8596e232b0d863cd3130,130.53030024843227
86215294b080f19af22f,126.07418925271735
86366c9920186cc4d1a3,122.36803481437981
869eacc999a52155ed53,128.3658024425978
8711049a2e0ef13bb10c,131.09412794776847
875704a45c0214c68eae,124.10520030776895
876aca2b8ce1958ea773,108.24221872297089
8777bd09f180d330b147,124.21504410051864
87aa4503451b6a77b2b7,127.41685134003419
882ccee198e25b49b30d,96.99107037847814
8975db410fd78d462688,134.3836623062672
8979427badebb9e2bd10,130.79953392617938
897f6d3de550ebf68384,126.59886067014831
89af2669cc93dc97f545,124.96644550320794
8a45d6748ec853f7694c,123.59024909566605
8a9f3822aaa08e579e4f,127.38995969134736
8ajv97zyciosc57q0cng,99.0154757092871
8b1fbc97391699e46cef,114.3029077016413
8b586d8b9c06414b2487,118.70466069464224
8b6d1125760bd3939b6e,132.7740094901582
8bece93f0b270602e64f,128.17778269751219
8bf3625652581859dcd1,124.38168909674864
8bj43lrpbsn3smxxn3xn,68.69346980546965
8ca890875272aede0af5,128.87755576858473
8cdbc02c05d6ebafa9eb,131.18897578923333
8cvzwcc62ql4rqj0pyzl,98.25571238535743
8d422b817027d7721870,133.52941021496824
8d93485dc6a4b2a9f03f,124.62680302005293
8e1012c9f4775ba6a451,106.29708161041353
8e25bcfa51d165f162f6,132.65850832559528
8ee4fdce37fceab5620a,130.40600769821603
8f1ddd99ac8c59bbd788,128.0597591905435
8f477d2c60ec76ce22b7,131.41079252729705
8f81bd9cbc5471ebfc60,119.83938692226302
8f98bfcea1b9f0dba97e,135.06600179212663
8f9ecba976a15fa5d900,126.60434826937065
8fb30cb5c7ad360c995f,121.03515356516179
8fe25991951e1f37568b,129.36507700832053
8hn55e1bxuyegxa76l3r,98.38337060774766
8ivuhc6n7pr63b39dupt,96.20407637750792
8jo5o2abn697lg482k0e,85.17869771747068
8kvpozl8kjupzd4yvwbv,70.3548349642297
8l0qqik09gqh0e5anus0,90.35210305035375
8nqoz5k93j7it8w0muhl,87.43563881024471
8rsw4xhmff15occogf32,91.10618323130964
8urc1lsyw615q5prnxwh,95.6070286655387
8wkyo305dh8esq6eop37,92.65717799146573
906ffe092972df38360a,130.8929185085542
90f3fbedfce50f644011,119.43929003209571
90z3slav21r61p88ksba,88.46535770829627
9104b8987aefa9d8e884,132.31244303463208
912794ea0c6936c83ce2,124.05833394466865
91439fcb2590c49dd20d,131.084749146208
914f82268754cbf71a54,129.1741742865391
915813ad1b5f1bbe2d6e,131.5677855450367
918236b530adbe510201,131.74627909782424
919b6f74756bdb77edab,128.12657149508223
91ybnlkli8x332l13rrk,80.26430288960817
9294393fcd13593bc537,125.05372770617595
9369995cb6743cb69182,130.13143659484268
93c2f240de504736b8d0,128.48004321619143
93f200d7351d4980fec6,124.82085685921449
93f451c36b535d39003d,126.48879298373159
93iq4xjhvlc8072fsfet,92.20745578643839
94066a900026329cd5cd,120.8394101148654
9417c1b4c24e428984bc,122.65390063031845
94752e120f6bb6178ad5,126.05253396009113
9493dac6dc982d2b3dbe,113.86342396994094
94a770d27cae58950a5b,128.44359399300254
951678e2f3db4cd9911d,135.3262126830155
951d2aca1b8a1c336908,126.45602100170258
951eea03695f436017d3,127.52569071553664
952e59666bdde6dad94c,121.02246066352777
953123cfe1c275e6d8a9,127.26178622235348
95889f5d20e344714084,124.24615826507696
95i3ttsko6c6ol53ebql,69.13829349506031
95jqkrj6zv7qf1wz1p8e,82.66386631822651
960bf72352d4f58ad083,122.3716649333945
96c23b85b0b4ffdc3cae,130.80511565923578
96dc0554852b5a94a400,128.35396517297613
9723ceb0cf2dca42c118,122.90828758159032
97442da123c449f6a146,128.47094645949244
977ece9de941d85308ac,123.02079881221495
9795edf22e930bc30fa4,118.49014568823908
981cf48df067d975675b,126.8957663887808
98be3476791a8df7e937,120.35022909054268
98e10f84d94623f8b39e,109.27570064776624
9952cc289c9f690621ec,132.59261219312617
99a53846658ba3341de6,129.7320594130863
99d6b8a1cc0020112951,129.70162200469622
99dj4o3b2f6m4jemke7d,109.825857257024
9a25hcbd3mhgaj0fyelo,87.77587205901436
9a630f9e9f4ec26d8fcd,130.13401198082025
9ad512cc6cbd79aa81c7,130.71776055595774
9b0guld0vdm0ggmmfb8k,90.18800628588771
9b1c065069dbb7a71617,122.14776361722411
9b43f5fcb5d592a689af,126.4797354591954
9b913075e93b2b788102,125.72622391800245
9be4ba08415daa1ee6fe,129.5452320723628
9btb3ax7qaitktvbvn8g,82.20788231567698
9c2b85496091fd7f66d4,121.42796642732078
9c39551b2cbe4f0c6d03,126.84425395321882
9c48779f6e97be993771,128.76996816547359
9d02a160cd171c5f4c18,123.37927072280986
9d030ebc092b353b9906,130.80890796018215
9dbg3fyz4qnj7x9qug6x,93.72596545875597
9e4c54a008ee874fc270,127.61383173364923
9e7bdc44129bf5acc196,123.7900252699015
9ea29e4a747ea4a7c70a,123.53736209066302
9ee3e6df01c7cc22d066,123.05835289081053
9ee4ff457095eaf23309,125.35008151471644
9ef8a5baccebc3841cb2,114.44287538256714
9f0ce6d4cdf9d1772417,130.97042359221018
9f447b50d5788f7b4d0a,125.28466712799903
9jq31h6i3ny1lx0mx89e,101.19745504135966
9lfh7vk4u8eh6zz1dmvp,83.95067106754249
9nfrfi8p7oktnfr9c30b,76.87520153289199
9npnusbksscam12fc4ut,98.5646088983869
9trgand057juzal1kecf,111.00257851418661
9wax6sfj9cuqbbxc95om,82.96059133125895
a05da04117e032cb4977,130.7686613179927
a06fdb8743c4d4ef09fe,129.70832655846516
a0973be15e5e7116f121,127.40115129697767
a0a1991396f865c9e3dc,114.52490177993964
a0b36e07079573966740,129.9832189274237
a0fa57995e3e8cdcc13a,131.31978592551343
a108f1103f798c85d061,130.8916922694642
a11b89c60677835e450c,133.24149494843903
a12c27630a75f6a4a64a,125.49060251102334
a14b9aa97f66fc82ede3,126.62152445678372
a1a127e2bf29c380819c,133.09700028223543
a1d00fdd7660b7e88077,127.9141849151291
a1ed24a77c97b05064ef,112.0008122132972
a1fa76b5d99a411d6649,131.2574640864269
a2b5174e55754addcd68,126.86597129819188
a2f48a796e250a14ff55,126.62045971488342
a30afe3tftu3pgsdxxdq,65.84827085409955
a337d5368b0d110803b1,132.3231634059232
a34fbbb7d9a19eb82450,129.05116800087438
a3a0e2129e405aef3d87,132.97412451159656
a3c8ab369e2e928ed523,131.7313739340229
a3cd849a5a8d682e18db,128.8002270909057
a4bfb84ab74e59389e7a,123.61879310661021
a55511198784610bf30b,128.23688506957737
a5966200ae4d58200438,130.7123917620842
a5c03c57b0930cb5c2ac,132.2154275381748
a624e4f6e0a8f026cba9,130.8657675972845
a7fc1ba478db11fde063,130.14993526685984
a8350dcececa0b02dd14,126.38528204518175
a856f10303ba34926fdd,130.68515015105342
a867295d48d4b4134903,122.37071231569416
a87767892344a954c746,125.20040841795559
a8846b79555746e4f9df,133.515397725006
a8eea517e36b20757b2e,104.8763684704505
a94a32ebd5f7d177053a,126.53759365544742
a9554f5c3d61d05617e1,130.00188146956893
a959b7dd7f65365313a4,114.91547121926702
a95a606f0110653858b2,127.41659468491486
a96027a83196027cf822,128.99021229091682
a9e1aff282e8d6356dce,125.39879313493446
aa83cf5fc68c1dcb5038,130.53627643480814
aai4o855shne2taonl8m,94.31157499861929
ac4d829c715fb0c36ad5,135.29844702454716
ac7214620207dfdd149d,131.0299011950879
ac896071204b0ce26a1e,111.19536032081659
ad29c5822807dabe497c,121.45955762524551
adcc5c13042d66cbfc8b,125.20586132065618
ade35014b25afed24916,128.07798788579643
ae2e4cb7985c4ac71795,134.54684932154117
af8dedf6ecb4605a09fa,126.15527825409706
afc99b4940e933922aca,124.81224799534377
alj4azvv1eqg1cyr3ae3,88.16889503842346
amzij11bls4wa79p3cj8,82.97771581479137
ao2x473zwn7k7a6gpfr9,98.03536005312932
apxifjd35xfq6t47ysls,88.67182615418976
aqpg6qwtponj9ojmx6ls,74.64755582886703
avehb7ibwpvjcgcr474k,132.00054931045392
awxiqzybhp95e08qx1h5,82.23700599441858
axunv0aihh5wvi27tx50,93.5026794690315
b050239b47c66a7280c9,115.0328351916481
b083663157e08e36d335,132.85686350981243
b0a62c35bfc7f529e83b,133.25186462322154
b1976734aee3bf129820,127.0717921639241
b1b3363b7086aaa99b0d,132.0862770730694
b1fbf77b475e79c3d413,98.20663771052712
b217bae3c84d59dde71f,125.96477691733594
b21ec59d991586279d95,111.57067481380392
b26aab632fd33a01020a,129.7605276037783
b2imd0ms1p4fxkfcpygc,75.05584708007352
b32b82ebae5971dd48df,128.11655858602552
b345ecad87a7fbac77ce,127.76676597673398
b34d4dc5b6c5fd7c5def,132.9282445044541
b37bdce835e610d26c0c,74.61075474347184
b3ac0cebf20ee45135ca,125.65421496029387
b3e8039d33099e1d066c,130.4799597008986
b43532c7a35b6aedd478,131.07932495746323
b4a2138f577d9306f593,124.0836086681079
b57bc31cac59b3d26216,120.44915728151902
b5863cc5a1b448ca1cab,123.39736806059099
b6808721d4a7900e360a,118.48363585200414
b6b2f975de58052aae0c,120.5608037676694
b6ed77b2b3283f9379c8,116.32311854257591
b6nwoi7doh1m1yzbkxup,93.67267466460225
b79c2d9d8148403a3720,124.03732251744884
b7ef250772618a089b48,123.26241220703301
b7f42d4b51972267680e,124.82409249162143
b8162292f2171005c2ba,116.71449135182189
b8290aea71e7a5421a02,136.26549951089171
b8a4fd679898150ef87a,117.9389137376132
b8c0c68e7f1220949deb,129.7728419268473
b8d20bc2e0d3d86f5613,130.29152712952367
b92448e12093e45dc6ff,124.41620769877585
b93d9fe2a844b416581d,124.79216952521882
b9a8b9ee84232efd7d61,129.29279276241454
b9c7c66c8b57b9d3c6fa,125.23788213602676
b9d88af0a70c4ccb592e,132.61416223243987
ba563fef8484139dc84d,127.7725134507835
ba8c301bda7090bda756,131.43859615781264
bab3d23935ae4f8e798c,129.22328772142637
baed8a816ea02ae929f4,127.73511083460926
bafdbc62a48daf6840c9,123.28458540326004
bb3328d3b1eecb5e1a8a,114.08065871953133
bc48d03763657ec4aa63,126.46011621312151
bc7286901f708e9069eb,125.8619633979713
bca2be7a89b9b36b45cc,130.6839101419353
bd099a9fd29545e3766a,132.81075682581644
bd657014cfd3fe7a8fe2,133.7466809936436
bd8eb49a6b08f5e66a70,130.1036661266187
be032ee60c336e4701e0,130.15822602448387
be24259f2867b231800d,129.0346731531925
be503fccbf0ae5532639,126.94686719391272
be52205cb48c05e10567,27.441547357460756
be75e05b9db5efb1258a,131.5077341000677
bf07cdd92f1ff3197397,124.44376960087838
bfc3a5cb3b9c29f08176,124.3505421567033
bfcf5965e6024248f0a3,128.16716406824563
bfl1bc2oafd8hrz2xswq,91.56588100083376
bgvt5n1h0qt51ze0md7w,48.24442406885976
bt192zri52uj2flwikrw,87.30084452502935
buv73728fa9viqgrz5mj,84.53624181588015
bvz9hmtzknu45wvb0yaw,111.12450555117422
bwvpzqnhh752noqjqj8d,97.28255526226869
c00c91256ab1777d0dbc,122.59558939275368
c08165d73ae49215c391,127.27638148028524
c0884e4814b0f32935f8,134.60617693087275
c16e14d7aa5b4ef519e3,129.6744503748253
c200d8d792314a9d3575,118.81708482616816
c20c86d30d19b39745e2,130.34058145761162
c24bc0aaf20c79d2dfda,123.72004319220348
c352158bed343ccff8e5,125.26480456938549
c35834f349db8ef7c591,123.92086888871478
c3beec92b66ff78a6ba9,126.64891182757133
c42aff1f9940e24491cc,131.73635429236765
c4ffbc0ba8c38e725fc8,130.87531055524974
c53129098375fc7f17bc,109.0891403629609
c57c5ca2df494f27ca64,131.71861789704712
c5b9961e65ffa73d971e,126.29275222852182
c5c5601b771f1b4491fa,129.0030777674589
c5c5e10586e94f96fe95,124.70819734768887
c5d83404b165578ef794,131.34636735644702
c63d5a67687762a9f967,128.80052605572854
c681117f7f586fd730bb,128.7272897350956
c682f6819dfbfc964bc7,127.87749506683025
c6ab0de398cfcbd21dc5,120.42324098359965
c7bb8ace7e79b91b3346,125.47180921615468
c7c79725138f07b9c265,112.21156016785277
c7d5a3256a9f99ba3e98,123.85971000168463
c89e8b7b18082e2fa6df,124.27043508741801
c8d8f83d06b68fc2f944,128.07221184633488
c955c51bfd07134bc831,131.0771616668379
c99e6802625540e4d1e2,132.5627340394555
c9c946fe211251af32d1,127.25488551690424
c9c9f0b7606030f2aade,134.92128123937226
c9e6e9322dd7054e618c,132.33213677581227
ca10145a308249ed82e9,130.00113309112584
ca66ab7e59628143cf1e,130.47063735397413
cac3f85073c947532796,123.81051677058178
cac84b1c3033872272f0,125.80423077886289
cad61c88146ec4d99a6d,3.036904312491246
cade7d478dac7020a79b,129.5570617736247
cafe5989da5dfed9f404,108.32134925181073
cb2fbb322cc30a8b8fef,128.22651820094868
cb65e2038b786e801292,132.05268071537944
cb8c2285066597e012c6,127.87784488720139
cbc8550ffaf44443c7ad,123.75802740681422
cby6hsod14blxr7zyfjs,84.56416047326785
cc317db3f3bb874542a7,123.81000648200387
cd6355bf939a47577f6d,119.15833505786391
cdbfb55b48cefce540dd,127.14922301776247
ce1a32f22b91f4d81015,124.08681986648797
ce9dd8f1570caa0d6f5b,112.9480801288147
cef765c4375252a6029b,101.64593113185664
cf73246d819a1ea78e14,127.165385723986
cf7f9c2c6872be9bf2d6,131.21106694863417
cfaac49f7cc94528ffa7,131.81563675502417
cfi8t4xrx12m2lt4flwz,84.23085619576011
cgydhui8n3uoxbq5rznl,76.35454897975968
cm2celd9hmos24j2a5cg,88.58327014300299
cmy2w5due4kl6pn6uia5,85.08621913608158
cnkddx6ofjqd7ueylz0e,91.38262891270544
cnqyqc90n3ixrlc3mri7,87.92367332994594
cp4d94b2v0ws6am7mvuw,75.67182284507035
csvv3l0saxxx6pax18c3,81.54677527492142
csxiwtz34vm9vr0kbryx,95.24211802091338
cunf3y04zq0f90dgy36j,93.042621307701
cuwakm24vlp785ky5w71,83.90166799321095
cy2sv8kkoybje2okbll0,88.76691041843966
cygc6ulxpz04ex7under,101.3161331126883
cz0pbk8vede7ey2oce4a,96.74103041148814
d02f48d05ce5e7ca16e1,113.63937814843594
d035c324a020e7948fe8,126.94426522306424
d059dfed16a6d1ca6ddf,126.5390377453395
d0a933a514028d777578,132.69720641343116
d103bd9455fb9258c805,133.90082493315956
d16ht4y29lrac1brhwm1,84.78429622319065
d1df92e9d19fb2f22ebb,116.27252075327173
d1e44a91dd4f37c03d43,131.6860399409638
d235a2c32940b970ab7c,134.64841689416497
d2403aa287eb869a170a,109.48671293726363
d27565678ffa4a9bfa85,127.97100893624635
d2c5423ea5fa0a995264,122.10085906113181
d2cb0d0da17471ee23a9,124.82357660616944
d2e033f11edce44fea3d,131.91565541970994
d311ac015e2e230935b2,126.04972475968741
d33a15d480f68c6ec82f,129.86581308828605
d3ba1fe030801d700cb6,123.20339027522247
d3e269bf68d51851097c,120.44316941002415
d3fd2319c0f3aa00c371,131.67829366058294
d3tt41de5iashfjr1txr,83.36274720389845
d45eea92ed42431d9076,130.1772488283122
d4d7a248a58363732f8e,126.96172963289612
d4geyy1ox6qzlz4ibz0z,82.29062111736144
d4xny47ows87zd7viwj5,87.2620936537419
d5067bceac0ffa5e4704,131.6648554832523
d52b119f8da2a1812722,128.45093769637182
d536120baaef5495c028,129.2095005995789
d53a4fb612fb801fff3d,108.02353697784812
d554e419f820fa5cb0ca,128.95479147490053
d6d4488fa27e11465974,130.38630767714525
d6d6e7da792fdf0106f0,126.5316620132684
d6f3f410bbb24244d270,131.54473488383178
d6qgzp196pwnzk7agyn6,98.35378153407224
d72abe041b8db9118e70,130.95483240449468
d7464b55181ef45e2d63,122.49758321150844
d76c58732e315933a6cf,122.6219816355171
d7ad1a5f3ab7d6237f8e,106.20232106172946
d8ed5a1897987ffdeaed,130.35144754032697
d93519b044de1fa037b0,128.77728405650274
d94c5dba40d9fcbfb8d9,129.0589760415918
d9dfc134efd3826bdaed,128.47055455757825
d9qmlhyp13mf5nto4qih,86.00119661203068
da2199a7da15995db5ff,130.2251394921983
dac03bcbefc3a08c8b50,132.9161379412397
daf693769d8638a22ee9,133.95882704608186
daty5mq7b20bkt2c2zfs,69.22124439572956
db0241cf536c2174d9ed,124.50048633043365
db0bcf208cbed26d0bfe,134.13985954523025
db2418c575c0a4f7239d,128.92911240705578
db54f15d48fa56b0d953,126.29132418329414
dba2bc2a15c1e8d696fe,126.52886943656182
dc83f9577ae72447a7b1,124.68720177205306
dc93d7d840a88e5efb17,126.67506669539037
dcd0562f8fb44933cb08,121.96134444830145
dddd7ba8769cf90bfd62,128.81138090653272
de5213e7b8c88440a298,121.27761343520471
dee7cfe3312551bdf5a5,129.8979271923254
def1216bf8f3009dbe41,125.40249941463114
df02e3643bb9ee33fb0c,127.50282880526748
df62b7675d1fdb8e6b11,131.06869971692336
df784e67883e018f88b8,120.41500802024132
dfa917b9dc15c87ab016,113.03436619126269
dfnvtf7qbi2955rjeaqx,104.8015268242698
dgoapkg9vpnafks22kx4,112.49947406751622
di7sclw5samggg4sxipv,103.6862765385987
dri4ey8he2jovloucu86,68.78597763625139
dt7s87imgsbma3l5scym,92.30151559448286
dwg6k0ka5vuwzo5h11m0,80.35639897864918
e00bc7d9f2ce32c4f745,128.32971541199058
e0be3445997310f4d68e,116.43022354554358
e103cf810dfba59d0431,125.89946926467631
e17f01453906e3ae5716,121.8517838081077
e199ddadaaf5aee02eb8,127.01744809461877
e224221a9971f9f45489,128.42838512744143
e22c18eef214a779b4c2,128.7018695120385
e23ada44d3eac9b465d2,132.1243523990437
e28711e2f5500d3d6b04,99.52301885816921
e2d7ee3637149f7087b2,123.27366650900022
e2ea6dbbe90983dbb208,122.99006852991752
e2ee4818284ba527ef0a,130.01613451306864
e324cc9cb52a2b3cb9cb,124.05289869425289
e37bbe9fe37f92b785d9,129.6650879778981
e3b920878572dbcf8c9e,134.50798568697468
e3ce61b92eeae0a33633,128.71410997704902
e3d0782396c346359a8f,128.24525548363704
e43a0e28d5cd6b54a2af,130.1770215554643
e43g7im7dra88a4o8bbl,99.2944353258167
e4af37199530e9ea523c,118.21626112368354
e4c80506c14da4ad563d,125.62786780691548
e4d6737b176e6ca5ef06,125.65610678597714
e50db74322430aa289b1,127.3124051708007
e58gk2f3crnwqnx0gett,87.75855982312383
e5b30ace9334d153e076,123.41716408754533
e5cab2ae37f3a9ed4f46,106.37237255266119
e62f7655cb5259abfbf1,128.51675210453854
e6b9a4292b6a8e8e0ef0,130.85116028136324
e6c8ce7f4d7b0b4ca4a6,128.7971588661371
e716574233e87591ff19,120.76981204150762
e73ae5f649c6f52b3fb1,128.39996948163096
e77eaaa90a75ea6167f4,126.83819993511763
e7958857e7d2292ffbc7,115.75750295626878
e7feb8599ea5f596aeac,128.86124331441835
e851f82a650692f8e591,128.2057412349616
e865c97bc96802575f80,113.672891951675
e86f896d71d48d87464d,49.384223164449466
e877c03b218bddedd3b8,123.1221769506362
e89cdaa3f159a0d3f55e,112.71567282240751
e9b6fa8a87469779d732,125.14173619313394
e9vzigim3qs88f721ohz,92.87443852836192
eacb3353d7bc80cf3e7a,129.73101595334182
eb4493aa138e8edc3f6d,123.56436148877779
eb93cedc17b4eac76750,127.68700828335315
ebe7a295f61c831b0093,130.03453211464827
ec4897070f2d3b6eab89,129.6476328989621
ec5zb47nxjbuzemc81p0,76.81949405594656
ec86426a6e0331d06091,127.31040892835361
ed4b51eb098deb0ba58e,130.98008204073497
ed5a13234f04cae4894d,126.54169739909442
ed94d52e091b68ca5ee5,126.38357872206272
ee07cc24589beb775d33,130.13331263169712
ee1ef9674f9e0bfca48b,133.99642615864832
eec0307b4d47609d6933,119.49659826977891
ef04ejvyvmh5votejbif,93.55481851917992
ef133c92e274a97b6eeb,132.57414642849835
ef912a5602a5f70b244b,128.57048658778598
efb9fe363bdeb9f48d69,130.9980659016751
efd58fbebca61c41c881,127.02390154849135
em248gxmeso9cw0wzlv8,86.32583330003858
emnk7ob7xxxdiph6fun3,82.99654145982336
erjfooit15024g7nj8co,89.20243525386923
exaiz0y0uvpeg498cg4j,79.78209035456113
exj3a7hd6gwihbowgm3w,67.40802041271697
ezdogkk0jqt4nvvvbnxp,84.87065124747132
f05247f3d32a4bf5a6df,117.35491501639275
f058870b1bc33e288e82,129.28427921246637
f06c3ddb1a98713eeb32,121.73425062474072
f1c1c0932bfeb74762d0,113.02124012999974
f22c9341431a6123f670,128.89841295508867
f25a777dbbda3d4314d7,129.70193326744132
f26c1d520ac39293c68a,112.10727445243897
f286ac7cd0663855cc5f,125.78060019523971
f36a755a3fa5db5c0743,129.7592332058081
f47eab262dd5809d4d60,132.3308078994825
f4e46ba446c56e56259b,127.97820867991912
f50dcd09709383fea95f,124.34055070729697
f527k17lr4aumahjtj92,50.88820034331646
f5c3c6eb77fac482de13,130.88889566139855
f5j3cojh9fr5gvylr0yi,71.17398453848723
f5jwwahac3fyc6rq5tex,81.98532067646157
f63cab44b941c6ca80d6,122.9710945266127
f7a14eb1e15ceeea955c,129.38796221128172
f7c4a29d42220e1cea27,130.68992296136452
f81f52969ef1de783de3,126.18069660802125
f82461b84c9c48a36613,129.83122969827528
f8c2f04e8e116f0fd237,120.40043057050484
f964ee6bca634319a68f,128.1147836687835
f9c641e9c05c243a751e,116.45144606448416
f9d95830556934ae9a01,123.94783372363642
f9dde99f5db421171b51,109.3883408655066
f9ef2830cd485d038b53,101.62133812489262
faa31dca7ed1dd11fe44,116.16195303976495
fabad359607dabbaaed4,130.09245348197203
fb4411db1aac3cd2544b,126.60198669374334
fb5d5693ffa9f022a191,129.17804005385318
fb735wd248crm37cgmgw,100.37081050318491
fc1c9dd58091c33d8888,117.68195524964902
fc39de3859d890b9693d,128.61056784720782
fc5a9edc3413ecece4bd,130.22322078657712
fc916744a3bd5120978f,129.03495777584408
fcf6463f948b24ac7cd8,130.4231139788307
fcwom6dicy0kov3lxsf8,98.11770748139735
fda1eaffdfa7350e5d97,114.3426656319538
fdd50b3ad56dcf116c82,128.67675486127186
fdd714a996ac8bd8006d,130.93951500858012
fe40bd528b4fbbf591e1,126.92487611968085
fe5cf715d9c94fc7779e,128.874923457181
fe752a6d1aa3d710d738,124.16644513146244
fef67841144f4c95a6c5,133.41165371367677
ff2d815d9ef74b153b54,128.2512218634367
ff59855075a6bc39d62b,132.59559384342927
ff63c210b94623453b5f,124.73596557661511
ffe3886e3e3bab0249b5,129.48430216675055
fkenlzdweox7v0zaopqo,79.11462587628561
flde3irykh8wauaj2fuw,63.40975519670722
fnvhgnuqbir0drk8p1v2,94.75656299946628
fov3pbwdqzvhgcjp7o9f,94.18312947482559
fqcud1c5mt7pdp9w0v6y,76.84558971481316
fvlb9xi66oze7eo3yhdh,106.05527628479518
fvqo3hum9a1rl6rxbyre,78.75264139597725
fvurnsqlgyr9zbd6msqs,68.52186415172359
g4l5baozrnfblxayrhox,94.50165375163623
g5wbnnhq1jbyc32q3003,80.24123568703433
ggweeccb6anw0j3y32t0,84.63936985944689
gj009a2t56bxjluh0mox,98.97480343811844
gk8izwg77g6t4p5buiar,82.3761830244408
gm1xiqmop9j2d2acc2jg,81.26418311770156
gq3jw96afgct5rjiim20,91.86551280506679
gsirdbny6840zq22vo7a,84.73710051995636
gzthlilac9ixoayq02u1,102.34819311483213
h6miro3m8713s3dxuipr,75.42933411957564
h7i4kmpsra4szfbhrcbh,96.7472283690743
h9urbo4ce8x02brjnloz,84.3401242423975
hc0idvz0lxc4zpx94cbx,87.49823324480712
hcm6w0jxnfqhkpm745cu,92.83126286980657
hhplrx9xd7cm2w7aslma,74.58230305852099
hjcfqm1yfzh8s77mo3ec,84.352433609444
hkk3qiui3e3r969oyfhf,79.44470308587887
hoedc2pzfz6av5bn1jq3,89.57079271378822
hpb03ydulnt2b9ffa0j2,81.87467226459643
hpty3h6eij2tr467ueks,75.5181217469341
hq2dy5tjgczdmkvq0l2d,130.53686116913664
hu267zw9zywa4ew3d5bw,107.1940618726078
hva2hcwvh4mv0i4t59t6,77.26746265245943
hz3im1vs42bx5rxbn7wh,73.46759997170311
i1fr7kd71b2ni39kn958,88.37021847241674
i21qi5qdsjqcch2xvdd5,86.05166067793782
i39gdpglcxstun30b4yw,83.30521672503642
i3b6qk80m9jqwgft968o,98.26509841166681
i5hexmb5zlzhd8lvwdv3,93.09881850615338
i8gdglua8vbd4ul9x09f,96.59947164004127
i8lx9f5ut0kaz120j30d,84.95870265606167
i8ryguu9cpkrb6ouhwqq,102.65531245265667
i8wbhc071gfhkbhtmeb1,90.35220768007473
icu31mfcha34dnwbsui2,87.75274689876505
ifj584ryrjv639n4nnsu,89.37896084129211
ij9llitbhr4gi126l772,92.20760866289255
ijieo064jbrs5ss1cmol,92.83969213378185
ik7o5ykfnku0qp74sy1i,96.11632177958484
inyirhdpjahiguhs9e5b,90.29011793546233
ipd72mytvphpd9tcejgb,94.143526083374
iqhpwbqkqi7kugzduhit,88.79578799660084
isa355t9q5rut5fm8aml,87.99550984432459
isavn2ahb9n5z1q8win5,82.15314102970416
iwjs5oi2pl8omkdrs53q,86.52702049335524
j07d6onchxesk14v7b8w,82.85042519697508
j605t14y7ie6vr2n8s2c,78.7089479007555
j8inicu0iafkpv3u9431,75.99428191273633
jb3fqd2b9oyprn83h646,83.91904754036521
je7kqkmpwkosa7nkgfpx,87.32778641768594
jhmn3s11l13woe6jy3zg,100.8726712357848
jivt017uwst4sg4fqlek,72.60335239187411
jj1jl4nhnkxllubypoq3,83.29926334471742
jjx780kahllbp5y3x7p8,91.4535973656893
jnupp0jsv1kjsvbzlnrr,65.32609527490024
jsmqh4aa20rpfeqmyx4h,100.84830837329191
jtbq3gkfw2tcsjvfwm56,94.12686528342732
jv67r7eqa9z2a1777eex,94.48500043038125
jwdjcrxdn0um79f0rjvw,97.9369420895916
jyaxybaq8vui614ytd8i,96.78726607339763
k1r03pvvsv9zxrft5jgi,82.89196637126895
k4usquerebza4uy0i57h,73.39980443516137
k6jujv82n727fuwbxa6f,92.87106393544919
k6kv9y9tqfll5d282ymb,87.87541055859678
k7fa3kdg6dq9avbiqv1f,87.32105240441408
k8d21tlgxmu6i35atvub,90.7962695543085
kg28tppvvsvr918dkvlb,86.72107974557309
kilhyvtskm84umerpjee,95.76592729033922
kpw433bcv21ksp1wgrux,98.5467878708509
ksm67082xy9g2wnalt38,101.40212751251808
l1rn095adguamaugi4ux,104.54676456133468
l2yv9tvvcakn7ikerccy,76.63060859652978
l41f9f1gb0y5rxcqfv64,65.71887579660964
l82rq4xaymt7t5uytax9,82.72572803322493
lewkf2owb42ywhfto9yf,79.17894487714258
lexte4gc3dvjb7ty0qf5,105.59461109367506
lf5hmkicbiuolk7khwwb,78.77314870463455
ljylby8inwh5b93wkean,74.77293376961246
lpzjucfyqwtb8ihim9b3,97.63654561596556
lqg2nmqf4x8w52gx12xw,84.68393784222776
lqm8jh0uggps7yd0lx2x,69.9136950020283
lswzzwjmreuixxjqglhy,88.12423650005506
lvp2qmljigke8u0nfbvl,72.22116766419674
lx7vfcjhdxzh2wkt42hc,103.20666826587707
lzvutqpj9ggc0nwwsxcv,70.76574759074575
m380dsj058viwn3ly6j1,91.78491762959929
m3xzctvbxlbxz80zz042,75.60464887011675
m3y8jkkgflwqwcelrwzz,92.59169382515613
m4qqnaq8p8fn7b7bl5ic,88.1089083792481
m6p2hujqw21vc4lyt3f3,59.46697295754075
mbbw64iibpv7ndj2iie1,78.87394875258536
me044us8pj1824r4dye2,73.83517765520712
me4d1o3nzhyoj0xfast0,76.92139246719239
mhufhb84kyqgs0anwy1d,79.19881988332472
mm5p2ct8c21h4q753p3n,92.17419461473393
mn8t0yyppsznr674ic1a,67.19830402112163
mqqf68ny1kdp6i69i7tt,89.03758483375891
msko5bf6rjt9adsuxby9,107.21359556893294
mwmft9w9vjod1g7jidmb,104.03836798396839
n1nh33yq3nhwt4mx36yc,108.8199232526743
n20d6b4o2g64oaa3q8ym,93.83403463491311
n2bgnbybijni2e9crs4x,101.53064669128025
n3dkt0eq0ekpby9lv06i,110.50282552765441
n8pe3tt7qmlgojwhhsj0,83.7900910368586
nd9xpohv0s4ttw0o7fts,76.53358138056329
ng2c52g74hfaudyxmm6m,98.63561008333744
nilkp0a54b01p87udccl,79.6723924485743
nkr2o4v6q9alvt7ju51e,77.16520369520052
nl4vt11ikn4we06zu0zj,88.66431101475472
no0afrue2n6m8hcnuek1,95.97733488786591
nq4jln5s1zqjk7nwbbeo,92.00719578673251
nrv5a6tr3ya2iv3p5xpo,105.49782939943279
nx4zicy1jbulkuen41s5,76.9096340411428
ny6yox8nvtlotclebkk8,76.9367706877519
o3jddioub8dsv0fm22qn,87.15779788290902
o5lo8q4tb8yt0v8imkw4,77.28370358195562
o6kw9thwvq6csdr9taal,98.94988724605301
o6tn58jvkqobrz2qmf5i,84.64704779020629
obyl72l5qy37to65i5ml,95.29493540975263
oc0ww31yssff9rktgowo,82.96790804937756
oi7j42phxrp4mc1n9h4b,85.43265186928893
oit2xadfbpuveswzx4pf,76.37669233336862
omzalmrzys0ymf4cgt03,111.17683984147426
oppl3ojvw61dvd5yw1wl,88.01669351462479
orgvbr9mbmfo4z8tbsa3,90.74609336980639
oriig6s6fmvi4f7mxamy,94.25647516397497
orubxhpr5e1heat93ue4,70.15401891410032
otznu9tyqq50x0xij3br,59.73155433450688
ov1tvylbnny48ojayssl,87.91511730596343
owzdfs89mm4ci0382a3b,88.67350927935368
oyaoqkf2b1we4b67bv8l,92.78336632935303
p10d5vx8mpn0v82i51gp,92.27889153938399
p3cs5x8cxrwubesmagvl,93.76233475449193
p58nsuk0hj5uh2xk2k9p,88.14010419310463
p611flt77czmqgut14jl,60.740713899603406
p6cp3ogj6xy2riczfupv,97.14770736616612
p8bk6cdfntr0humt6q45,90.46147037828945
p9a57kwg5xdwjzm8eql9,92.5724162890076
p9enp5lzhiufas1xpd8p,73.28564323597583
pammg9gw4enjosw3z60e,86.88566222970196
pg8ucem69ixbqhznx0x2,87.85681689659883
pgknalznufvmvwgc1ca8,75.27062005428616
pgrig4vo54owe59j2j5f,81.89357192243914
pkjom9yr5m9690fg6wsi,91.06404028901868
pr6b1twg5sgsrzek6adi,78.98926101144409
preni1j2j1gkvq1knpag,76.69376315485988
putb7ja6dwpdag4bwvnj,98.90450981940121
pv0c4za1m616k25gfwfb,104.50065265721956
pva49fsfcbexwz1crjvg,83.77530365347184
pxnnkthuxasggux3hyae,87.56952217900299
q1movls9kc4kglv6sb5g,95.72480138110987
qaubz3kt65qtoit8g4vi,88.8796232748278
qd5cqu3du8n28xxtkftw,109.99312087831164
qg0soq1i1uy7yndj17gd,82.6144633086591
qkc2f9omqulfmn3j0m9p,83.94785898838256
qmf8702zbahi9083s7aq,88.42115663009767
qol4cum3ewnz45dzpijx,97.93489399252756
qrrck1nnty89cmohw40b,92.31130168728218
qu1rl2d6teeyti106rgx,86.73669149094353
quam8ci0euq2dz8xldzz,80.54387877771862
qw19zri3d9vkqjhcn3xk,88.50163149550276
qw1seyo5nrhlm8vby58w,76.43899583950919
qxnna0of95m3oebjc84f,81.0559160209035
qz6jjynwbd3szlp0rj04,84.20267255309854
r28s9kyo7knrvytyvmt8,82.33239973663481
r3uk44zat2tcyj5wmojt,84.02981883486112
r4oklg89q3yx9o2dfq3q,81.196660835701
r7embk7pqzg5g5p245x4,86.91005620779495
r9m46ndmmmzeeehft96z,82.14351974039624
rb8z9vpc5uyhbcaa71v5,100.5689277212025
rd32gyblqsfn03xatnmt,98.71149764546934
rd4p70jwu852pbdjwl2d,93.80526480696169
rdf3wmujcm1k56ftf8uc,88.29807350750272
reo07h0d5zehmotdlz2w,87.50811174969283
rgl39qjfatpnh3v4o28m,104.30614959218505
rq44ojyrvdtad0tzsm32,94.54917492254174
rsclhbtmbxt0xrye64ax,72.97031638541561
rufanlg0slv70u876a05,94.59718193852416
s0vfgmhobw9jq6al8iww,76.17975632658546
s8uk59p9w5ck47wlw3ea,81.43617350687573
s97masc6nt48h4ly8s1w,76.18938147993367
sbb3va36jvpkdpj257ek,100.78870466002589
scl0uh5ig9ehluvs46h2,96.97429625967696
sdun9fmcol7sud39mllw,86.57716776529311
sf30f3p1koevnfztc2pd,84.3742165727129
sfmngecoi3b7ahvhi2k6,126.93200746373834
shtnl1wh1mconb8od5ko,95.07899961346466
si6ymh6w7xbo2f40o0p8,84.5970398339094
sie4alrjjjvlk0w9ye5l,87.8731770350852
siv6gzi7una85o8fzrwi,92.13990497984966
skyax9iocbd5gzronpru,109.92610525808887
slmfpw1fyabrtys8ufg9,79.28378883395521
spyu1at0d9k1wxtenlhe,75.54290900563544
ss27ig83t1pi1ztsy5w8,89.001549032906
styld7k1gge5cvjria5b,84.64080105528267
sushd67p0jy6f04a3h0m,89.22325403272477
svxexhg20hs3bbqd4fm7,86.17868248023026
sx57v4y3hp52f9selxdo,88.51346429968197
sx8c4g672zgcw7w2lflp,100.47415895414052
t23e5lcdy5k50uvg5k0v,82.88167405462363
t3wo8xb4rq94n3fpfk35,91.41213112728454
t5uf4x6hffga8in2ua6l,85.87185050531704
t7x7ydt3u1cd2svfvk4q,99.51751473173961
t8a5fgt3wo8w18amulu3,80.64127264185817
t8sflynjwck4f650mtvp,89.3706780621988
t8zrwu8iwkcdnwf3ruse,73.17744426055941
t9a891e0764br5ujna1a,92.60142304006061
ta1gbqs6pw15bx0jb5on,92.32008314684423
tbypawuj167ycyvg8sc2,97.63042789601798
te17utf5x961ldgs8zwn,89.86391273592446
tezxtgugzffgu5fxr0cz,94.30748558031807
th28zykgzvfex40v22hz,90.74048786958406
ti44fbogdeqbfflbizj7,107.25830480593477
tndsnutlm99ld8f4uya0,88.31857919295103
tp8x8dgd7d6dhpth8xni,67.22211822800948
ttsjumez81r1ot6tfe7n,85.0859401216446
tuidsy7wcktf3jppecp5,99.66406891927278
tv0sptqq56ri3dpcd9nl,81.08101370043377
tvsgkf4oqh769h40lj43,81.42929624813632
twa56vh9h75mwaqdma1y,106.88669971959952
u2rchqp6tof1bkr07izf,86.97538737924346
u968v341lom8drwdzqqj,77.60542930096798
u9owl1eky0jf8t3nc50o,80.32797115705483
ubi6gd21j9e9rw46hoz6,73.38699023127066
ucxxvfcovdwuokyswife,75.31369072198542
udbo68xozj9btqumivk2,94.9237738695309
uem908xkm2x04s4iu84k,88.6522638112053
ugaiak78ggmnku4yndlt,82.7271632734914
uhky1uwx18u1e4nixzzf,79.88250264484213
uhthvh60xp911d47x7xm,82.98779733467882
uk8sadmdmw8p7e22l2yr,109.08536195314241
ulowmljtsh72z64haltq,68.92297220702237
uon3zzl9a1zr5zmeodmr,86.88238658010565
uvh2zil455wi0dcdan51,88.92443840790949
uy29im7a6hnc34lfp8ae,103.74691140465805
uzk23hynw87co5ru0tr8,98.88152521761438
v4k20n9xryqdpe6fx42x,97.28516701969387
vbgs2hp7aiiw880dpm1s,105.42631272007345
vcw0s2e0akak8rqunatk,78.67947672331448
vd2j77wynysztt2wbv2v,82.71752771916377
vhlntoniujqiclub2juy,79.51426335724831
votyzmo33yg7y89dag17,74.33071553791504
vou4hlfvp8hv0r4odzq6,85.6215460661733
vqz1prz6hwnqepxsieip,90.96592717731782
vrdxefyyyx3tkticfqnv,99.2601265685406
vrx3ianblcyuixzmhzl2,80.38872063771456
vwyziyyebvsje4dqjsrp,132.14936528777795
vzdurh8f0rfus5h4bde2,81.28029292015113
w0u7vzowm7eimiupvmm3,82.80242194698927
w1uwjc89gv68yxkutpoe,71.41774827660068
w9r5wihhl33fmutbq5qd,93.39201437619084
wbdvbdebq64ujpi9u7mn,98.56955842424219
wf7yq9n2spgto3w5ad9r,98.69626568226727
wfsgbko6rfmajn85khu4,80.63049411495489
whzjoeh34i7o86p37u99,107.45010269553492
wi36b9plgjc82atx6z7h,72.58287402547342
wj1gt5zvzfnjf7xcf1c8,95.54137662413106
wmep7eexur6wwrlrz9sv,90.96412914583108
wmes720kojsggeq71m5y,89.00398991207422
woxwsoo99kl7vq4mk0rr,81.37588710861228
wty9xgte39cr5rp39e50,72.69791850864877
wu3cwt7cavxrllp6s123,84.79064078416944
wwh529n48kyjq1xe9h46,82.12660236280094
wxgj9kdmdrmullrthnso,86.40578543784842
wyhkcaf32y8h3707qzrz,75.57711325150439
wzfry2domlqnblox9w1b,65.56737466097603
x7xh8m5fvmipvkav1cb4,87.7373250191914
x8hldszj3z40bgxl4mci,113.59403999466684
x8hocidvl3emcmrhw2f8,87.43878397015298
x9xz7kb08kmf1tytnc1f,80.78500039558266
xf5q0ixkpbxl3w7k16qo,83.96442486561926
xgvqpyg5mro3wihwngur,89.96098214194043
xh8a7nmtz192pknhec33,71.52509194227443
xlp4p1b56hrhhyr2y3kd,68.4872595615438
xnvmb8uox3576k142awg,56.57666498913099
xsxczvs8iluovs3pt5q7,83.0251128018026
xvfa4ysm4deeobu8wkym,91.15335158414742
xw0r5n17yfqv2va40bhi,73.57150260133376
xy7cro773yqyoblucwkp,85.4814759274381
xz7x7kwsn26marn29mag,99.2929700734983
y0bdtutppfdzzttzq8dy,91.20958416757539
yb4sqfrwu788fa6y4zeb,70.8705454041598
yesnbayr80dvsb8ajp9v,104.3994000982454
ygc6nfsry40yon3nicac,88.96417626628269
ygoahstwe9gz9w87qncs,64.99819134606636
yj708ceb2o5gueez45or,101.5116061102826
ymb5gxf0fi27kpj2f101,97.06066451998214
yums89f0epz009xrrwrf,81.0040085122339
yvyud23n1eara086vntf,93.12605468677062
yyz9rmyzzdp52h0glddp,93.83943991388381
z0mde15metn3m79ek96y,87.5764003548005
z0ti2nr5nh9fpad7wntt,99.43648750173564
z23fh1v40p3hmxxspbo9,79.07011301804343
z9q10sbk27qpuvatlkuw,70.1354692402713
zc7xkcpo969z98kh6bg8,105.3577599197035
zeuj2ypen39p38d4m3oj,68.899057703451
zeuj820acn6zhcbx617v,85.20713693629362
zhx5rxgopln1p5hd10ql,73.76899606881382
zlaig56ve06t7jruk2mr,98.06082403351581
zon2ut7eqwqd7i86etaw,93.85626666068589
zoo8a9uj8a0dplifqzdp,98.52506805218762
zprxec1qxs8nqsmc5830,97.34836636576283
zq3xohaut5o9dbd9064z,76.73619289611503
zse4s5wowlo5xntqyqb4,102.93898572723022
zuw35j06tzftt6oon4c5,90.69413789708474
zyfp520tbnq5p2pvrkin,101.73338496110388
zylvq01zq0hxavbvsd2f,100.03528543576203
